日期,开盘价(元),最高价(元),最低价(元),收盘价(元),成交额(百万),成交量
2010-04-01,8,8.17,8,8.12,221.11,27310200
2010-04-02,8.19,8.45,8.19,8.43,605.36,72222200
2010-04-06,8.45,8.57,8.32,8.35,352.89,41769400
2010-04-07,8.35,8.55,8.27,8.53,319.6,37766900
2010-04-08,8.5,8.52,8.26,8.29,282.02,33700000
2010-04-09,8.29,8.41,8.26,8.35,130.86,15708100
2010-04-12,8.4,8.45,8.1,8.1,244.33,29770100
2010-04-13,8.1,8.27,8,8.19,200.14,24506800
2010-04-14,8.2,8.31,8.19,8.2,183.56,22290300
2010-04-15,8.23,8.25,8.02,8.09,182.99,22519800
2010-04-16,8.06,8.15,8,8.02,179.25,22299700
2010-04-19,7.98,7.98,7.39,7.4,422.52,55446100
2010-04-20,7.4,7.49,7.08,7.22,366.45,50796200
2010-04-21,7.31,7.37,7.19,7.34,283.33,38930300
2010-04-22,7.35,7.35,7.13,7.21,226.34,31388900
2010-04-23,7.2,7.28,7.15,7.18,185.46,25772000
2010-04-26,7.19,7.24,7.15,7.16,158.39,22072400
2010-04-27,7.14,7.14,6.77,6.87,234.79,33880000
2010-04-28,6.8,7.03,6.71,6.94,150.19,21761500
2010-04-29,6.99,7.04,6.85,6.85,104.87,15089400
2010-04-30,6.86,7.02,6.8,6.95,183.32,26385200
2010-05-04,6.87,6.9,6.61,6.74,164.41,24246400
2010-05-05,6.7,6.71,6.36,6.71,219.58,33600700
2010-05-06,6.62,6.65,6.28,6.31,167.01,25884400
2010-05-07,6.1,6.18,5.99,6.05,232.7,38381400
2010-05-10,6.05,6.12,5.92,6.07,134.72,22312200
2010-05-11,6.07,6.07,6.07,6.07,0,0
2010-05-12,5.85,6.07,5.8,5.97,147.67,24762300
2010-05-13,6.01,6.18,5.94,6.17,159.52,26357500
2010-05-14,6.09,6.12,6.01,6.04,161.71,26704000
2010-05-17,5.95,5.97,5.5,5.54,180.92,31426800
2010-05-18,5.56,5.73,5.44,5.67,156.24,27896400
2010-05-19,5.61,5.76,5.52,5.62,123.17,21859800
2010-05-20,5.6,5.77,5.55,5.58,129.45,22877900
2010-05-21,5.42,5.73,5.35,5.73,157.51,28366700
2010-05-24,5.8,6.1,5.8,6.06,285.94,47514700
2010-05-25,6.04,6.06,5.89,5.92,176.25,29570800
2010-05-26,5.92,6.01,5.88,5.91,92.53,15603100
2010-05-27,5.91,6.03,5.76,6,156.33,26446500
2010-05-28,6.06,6.11,5.91,5.93,151.38,25267800
2010-05-31,5.9,5.94,5.65,5.67,141.9,24474000
2010-06-01,5.6,5.7,5.51,5.6,108.16,19327900
2010-06-02,5.59,5.65,5.52,5.65,67.15,12020200
2010-06-03,5.68,5.72,5.57,5.58,79.75,14101100
2010-06-04,5.54,5.58,5.5,5.57,71.49,12918600
2010-06-07,5.46,5.48,5.37,5.45,90.56,16689700
2010-06-08,5.44,5.5,5.39,5.43,65.86,12103100
2010-06-09,5.45,5.62,5.41,5.59,137.41,24885100
2010-06-10,5.55,5.59,5.5,5.53,88.94,16064700
2010-06-11,5.56,5.73,5.51,5.62,122.62,21889700
2010-06-17,5.66,5.68,5.55,5.56,59.83,10675800
2010-06-18,5.58,5.61,5.46,5.47,74.31,13400700
2010-06-21,5.48,5.68,5.44,5.65,110.05,19680400
2010-06-22,5.65,5.74,5.6,5.67,104.54,18427000
2010-06-23,5.6,5.61,5.5,5.53,104.91,18909700
2010-06-24,5.52,5.62,5.52,5.6,56.91,10207300
2010-06-25,5.5,5.51,5.4,5.42,68.45,12603000
2010-06-28,5.42,5.5,5.36,5.5,83.6,15412100
2010-06-29,5.47,5.53,5.27,5.3,146.55,27174900
2010-06-30,5.28,5.3,5.01,5.08,83.17,16209500
2010-07-01,5.07,5.12,5,5.01,50.06,9905900
2010-07-02,5.01,5.03,4.78,4.95,83.44,16930000
2010-07-05,4.88,5.03,4.75,4.97,80.25,16431300
2010-07-06,4.94,5.06,4.89,5.03,72.93,14577600
2010-07-07,5.03,5.07,4.97,5.02,61.66,12304300
2010-07-08,5.03,5.06,4.98,5,46.24,9228100
2010-07-09,5.03,5.5,4.99,5.5,270.61,50375100
2010-07-12,5.5,5.57,5.42,5.54,272.12,49421700
2010-07-13,5.46,5.46,5.32,5.37,142.7,26474400
2010-07-14,5.38,5.49,5.35,5.43,118.15,21809800
2010-07-15,5.4,5.59,5.32,5.43,151.25,27618100
2010-07-16,5.36,5.68,5.36,5.64,225.34,40657000
2010-07-19,5.54,5.91,5.5,5.83,329.68,57456000
2010-07-20,5.79,6,5.75,5.91,276.52,46978000
2010-07-21,5.9,5.98,5.82,5.83,210,35609000
2010-07-22,5.83,5.92,5.75,5.89,187.41,32026600
2010-07-23,5.9,5.92,5.75,5.83,149.61,25683700
2010-07-26,5.83,5.85,5.74,5.84,143.34,24730800
2010-07-27,5.81,5.91,5.76,5.87,128.9,22091500
2010-07-28,5.91,6.05,5.81,6.02,243.49,40757000
2010-07-29,6.03,6.28,5.99,6.08,380.22,62071900
2010-07-30,6.1,6.1,5.93,6.04,212.39,35419900
2010-08-02,6.05,6.14,6.03,6.14,189.8,31165900
2010-08-03,6.17,6.18,5.96,5.97,198.34,32747500
2010-08-04,5.93,5.98,5.73,5.89,303.07,52072900
2010-08-05,5.86,5.87,5.75,5.78,173.48,29911600
2010-08-06,5.78,5.93,5.72,5.93,204.37,34874100
2010-08-09,5.94,5.97,5.85,5.93,193.39,32722200
2010-08-10,5.93,6.14,5.9,5.91,316.55,52674400
2010-08-11,5.85,5.92,5.79,5.87,133.39,22826000
2010-08-12,5.75,5.84,5.69,5.71,145.63,25266500
2010-08-13,5.74,5.82,5.68,5.81,90.46,15695900
2010-08-16,5.79,5.96,5.74,5.94,169.97,28860800
2010-08-17,5.97,6.04,5.89,5.96,164.43,27649600
2010-08-18,5.97,5.99,5.86,5.9,132.08,22359200
2010-08-19,5.88,6.03,5.83,5.97,200.17,33709800
2010-08-20,5.93,5.95,5.78,5.81,172.48,29480700
2010-08-23,5.8,5.86,5.72,5.75,106.97,18508400
2010-08-24,5.75,6.04,5.7,5.91,257.27,43470200
2010-08-25,5.87,5.89,5.73,5.74,144.66,24950700
2010-08-26,5.77,5.83,5.75,5.78,91.96,15895900
2010-08-27,5.82,5.82,5.65,5.68,162.17,28458500
2010-08-30,5.75,5.8,5.71,5.75,139.72,24311900
2010-08-31,5.73,5.75,5.67,5.68,143.77,25237200
2010-09-01,5.68,5.85,5.63,5.67,255.36,44556800
2010-09-02,5.74,5.78,5.68,5.72,197.5,34473900
2010-09-03,5.72,5.75,5.6,5.67,159.96,28252100
2010-09-06,5.74,5.98,5.71,5.91,416.89,71029700
2010-09-07,5.92,6.11,5.88,5.97,391.71,65585600
2010-09-08,5.95,5.95,5.83,5.93,173.41,29473400
2010-09-09,5.91,5.92,5.69,5.72,223.82,38695600
2010-09-10,5.74,5.76,5.51,5.66,177.4,31440000
2010-09-13,5.68,5.73,5.6,5.7,180.03,31760200
2010-09-14,5.71,5.73,5.62,5.63,143.09,25327600
2010-09-15,5.63,5.63,5.63,5.63,0,0
2010-09-16,5.57,5.57,5.36,5.41,153.87,28151400
2010-09-17,5.4,5.45,5.38,5.41,77.88,14391800
2010-09-20,5.41,5.44,5.32,5.36,61.05,11327600
2010-09-21,5.34,5.4,5.33,5.37,54.01,10084100
2010-09-27,5.39,5.47,5.37,5.43,66.7,12318800
2010-09-28,5.44,5.45,5.35,5.36,75.32,13940600
2010-09-29,5.37,5.41,5.3,5.36,90.34,16827300
2010-09-30,5.31,5.43,5.27,5.42,93.54,17402100
2010-10-08,5.48,5.78,5.46,5.72,224.92,39800800
2010-10-11,5.76,6,5.74,5.99,471.3,79706300
2010-10-12,6,6.08,5.84,6.03,603.43,101248100
2010-10-13,6.03,6.23,5.98,6.04,452.98,74475600
2010-10-14,6.26,6.3,6.05,6.1,601.72,97621200
2010-10-15,6.13,6.35,6.07,6.3,718.11,115639000
2010-10-18,6.42,6.79,6.33,6.35,910.17,139009800
2010-10-19,6.4,6.4,6.15,6.29,418.46,67312800
2010-10-20,6.09,6.18,6,6.09,468.7,77065300
2010-10-21,6.09,6.18,6.01,6.17,304.95,50044600
2010-10-22,6.16,6.16,6.04,6.08,279.65,45935900
2010-10-25,6.05,6.19,6.02,6.17,353.8,57823200
2010-10-26,6.2,6.34,6.13,6.19,376.84,60441600
2010-10-27,6.15,6.37,6.1,6.2,410.9,65744300
2010-10-28,6.21,6.3,6.05,6.12,306.64,49778900
2010-10-29,6.13,6.16,6.05,6.12,226.56,37157100
2010-11-01,6.1,6.29,6.1,6.25,347.78,55763900
2010-11-02,6.26,6.85,6.26,6.56,867.67,132246200
2010-11-03,6.58,6.6,6.3,6.32,409.25,63789600
2010-11-04,6.33,6.48,6.33,6.43,273.6,42782000
2010-11-05,6.46,6.69,6.4,6.46,325.57,50310400
2010-11-08,6.52,6.57,6.39,6.57,422.68,65296900
2010-11-09,6.57,6.57,6.4,6.43,314.61,48826600
2010-11-10,6.42,6.42,6.26,6.3,280.87,44460400
2010-11-11,6.25,6.45,6.24,6.32,327,51274700
2010-11-12,6.29,6.36,5.73,5.77,652.92,109168800
2010-11-15,5.77,5.85,5.7,5.79,239.04,41501300
2010-11-16,5.78,5.78,5.39,5.48,268.06,47656200
2010-11-17,5.42,5.53,5.39,5.44,169.04,30902500
2010-11-18,5.49,5.54,5.44,5.5,132.52,24102400
2010-11-19,5.5,5.5,5.5,5.5,0,0
2010-11-22,5.49,5.51,5.4,5.45,202.59,37158600
2010-11-23,5.43,5.44,5.19,5.28,178.33,33738100
2010-11-24,5.24,5.4,5.21,5.38,129.34,24217700
2010-11-25,5.4,5.48,5.35,5.47,159.09,29342600
2010-11-26,5.46,5.46,5.35,5.39,118.16,21892600
2010-11-29,5.4,5.41,5.3,5.35,81.32,15213000
2010-11-30,5.38,5.4,5.16,5.24,145.48,27712100
2010-12-01,5.23,5.3,5.2,5.27,77.57,14738800
2010-12-02,5.34,5.37,5.29,5.32,90.05,16899000
2010-12-03,5.32,5.36,5.24,5.34,90.87,17123700
2010-12-06,5.32,5.36,5.21,5.29,96.59,18256700
2010-12-07,5.25,5.34,5.2,5.32,95.85,18208800
2010-12-08,5.32,5.35,5.28,5.3,85.26,16026700
2010-12-09,5.28,5.5,5.22,5.3,139.54,25938400
2010-12-10,5.27,5.48,5.27,5.4,138.29,25607300
2010-12-13,5.38,5.59,5.38,5.58,211.05,38286200
2010-12-14,5.63,5.7,5.55,5.58,190.02,33794400
2010-12-15,5.57,5.63,5.5,5.51,118.85,21471700
2010-12-16,5.5,5.54,5.45,5.46,87.25,15906400
2010-12-17,5.49,5.53,5.45,5.5,87.06,15839000
2010-12-20,5.53,5.55,5.25,5.38,115.8,21439200
2010-12-21,5.38,5.53,5.34,5.49,93.47,17193900
2010-12-22,5.5,5.74,5.47,5.56,240.45,42868700
2010-12-23,5.66,5.72,5.57,5.59,296.76,52535000
2010-12-24,5.52,5.62,5.5,5.57,124.16,22297400
2010-12-27,5.57,5.65,5.42,5.42,144.08,25968200
2010-12-28,5.4,5.48,5.32,5.32,113.42,21066900
2010-12-29,5.34,5.36,5.23,5.32,94.16,17852200
2010-12-30,5.3,5.36,5.22,5.29,78.09,14792000
2010-12-31,5.29,5.34,5.26,5.34,108.52,20486300
2011-01-04,5.4,5.52,5.33,5.52,166.13,30553200
2011-01-05,5.47,5.5,5.41,5.45,102.89,18880200
2011-01-06,5.45,5.49,5.4,5.45,88.94,16341800
2011-01-07,5.41,5.57,5.34,5.49,169.68,30980300
2011-01-10,5.49,5.52,5.43,5.45,123.49,22561800
2011-01-11,5.41,5.48,5.33,5.45,89.7,16596600
2011-01-12,5.45,5.69,5.45,5.57,239.5,42910000
2011-01-13,5.57,5.6,5.48,5.49,126.72,22955900
2011-01-14,5.48,5.51,5.41,5.49,119.23,21812800
2011-01-17,5.42,5.51,5.31,5.32,116.07,21476300
2011-01-18,5.3,5.34,5.21,5.32,77.04,14540000
2011-01-19,5.3,5.39,5.28,5.38,72.66,13594900
2011-01-20,5.38,5.39,5.24,5.25,93.84,17690600
2011-01-21,5.23,5.42,5.22,5.33,88.14,16525400
2011-01-24,5.36,5.49,5.31,5.41,108.59,20048200
2011-01-25,5.45,5.59,5.4,5.47,126.92,23057600
2011-01-26,5.48,5.58,5.43,5.5,115.23,20971400
2011-01-27,5.44,5.57,5.38,5.53,160.17,29107900
2011-01-28,5.53,5.57,5.45,5.5,104,18910300
2011-01-31,5.5,5.59,5.48,5.56,110.88,19965800
2011-02-01,5.58,5.59,5.49,5.55,87.54,15827200
2011-02-09,5.52,5.52,5.42,5.45,84.58,15435700
2011-02-10,5.45,5.6,5.39,5.6,132.77,24039400
2011-02-11,5.63,5.71,5.59,5.64,192.31,34034500
2011-02-14,5.64,5.89,5.63,5.86,363.01,62508100
2011-02-15,5.88,5.91,5.78,5.78,237.6,40669400
2011-02-16,5.81,6.05,5.81,6.01,363.52,60873700
2011-02-17,6.03,6.08,5.88,5.94,199.23,33479400
2011-02-18,5.93,5.95,5.78,5.82,202.44,34664600
2011-02-21,5.79,5.88,5.77,5.88,163.54,28001400
2011-02-22,5.88,6,5.75,5.76,238.07,40540000
2011-02-23,5.74,5.83,5.66,5.72,186.62,32562600
2011-02-24,5.7,5.76,5.66,5.74,105.01,18386200
2011-02-25,5.74,5.75,5.61,5.69,117.33,20690700
2011-02-28,5.69,5.75,5.61,5.74,164.49,28992100
2011-03-01,5.72,5.78,5.68,5.73,162.09,28309700
2011-03-02,5.7,5.71,5.62,5.67,156.57,27686600
2011-03-03,5.67,5.74,5.64,5.65,159.43,28044300
2011-03-04,5.66,5.84,5.66,5.79,285.17,49485500
2011-03-07,5.78,5.92,5.76,5.89,324.97,55625000
2011-03-08,5.9,5.91,5.8,5.85,200.17,34289100
2011-03-09,5.85,5.88,5.79,5.81,142.52,24483800
2011-03-10,5.8,5.81,5.7,5.71,155.95,27198000
2011-03-11,5.68,5.74,5.64,5.65,115.34,20262000
2011-03-14,5.72,5.88,5.71,5.83,300.67,51648900
2011-03-15,5.86,5.91,5.61,5.91,311.41,54022400
2011-03-16,5.9,5.98,5.82,5.92,320.79,54341000
2011-03-17,5.85,5.98,5.74,5.79,317.83,53987000
2011-03-18,5.84,5.88,5.77,5.82,148.8,25551000
2011-03-21,5.82,5.82,5.67,5.72,145.71,25441400
2011-03-22,5.72,5.74,5.65,5.71,99.08,17403900
2011-03-23,5.71,5.76,5.66,5.75,105.22,18395300
2011-03-24,5.74,5.76,5.69,5.69,98.45,17231200
2011-03-25,5.69,5.8,5.68,5.78,144.07,25031100
2011-03-28,5.79,5.88,5.78,5.82,202.24,34658800
2011-03-29,5.81,6,5.8,5.84,348.6,59059200
2011-03-30,5.85,5.93,5.79,5.89,223.67,38205600
2011-03-31,5.9,5.92,5.73,5.76,149.68,25751900
2011-04-01,5.73,5.82,5.72,5.8,100.39,17363900
2011-04-06,5.78,6.07,5.77,6,482.23,81053100
2011-04-07,5.97,6.2,5.95,6.1,634.2,103420400
2011-04-08,6.1,6.3,6.04,6.25,500.71,80637500
2011-04-11,6.26,6.47,6.15,6.31,695.71,109171400
2011-04-12,6.3,6.82,6.22,6.5,1036.39,158153600
2011-04-13,6.47,6.74,6.41,6.53,404.62,62218000
2011-04-14,6.54,6.62,6.39,6.48,403.51,62198000
2011-04-15,6.42,6.45,6.26,6.35,365.85,57735300
2011-04-18,6.35,6.75,6.29,6.69,624.41,95004300
2011-04-19,6.58,6.86,6.49,6.52,480.32,72291100
2011-04-20,6.5,6.58,6.31,6.38,288.46,45050500
2011-04-21,6.41,6.7,6.36,6.46,340.76,52120700
2011-04-22,6.46,6.64,6.28,6.37,350.86,54454700
2011-04-25,6.34,6.34,6.11,6.13,263.92,42492300
2011-04-26,6.1,6.17,5.95,6.16,288.75,47703500
2011-04-27,6.14,6.2,5.97,6.05,231.7,38055500
2011-04-28,6.08,6.2,5.99,6,192,31491500
2011-04-29,5.97,6.18,5.96,6.15,160.93,26426300
2011-05-03,6.15,6.3,6.07,6.25,238.66,38479300
2011-05-04,6.2,6.28,5.98,6.06,272.02,44488200
2011-05-05,6.01,6.25,5.98,6.17,263.92,43065900
2011-05-06,6.1,6.1,5.94,5.99,253.56,42177300
2011-05-09,5.99,6.12,5.98,6.06,176.86,29258900
2011-05-10,6.08,6.09,6,6.05,131.4,21731200
2011-05-11,6.12,6.12,5.96,5.99,123.35,20495200
2011-05-12,5.94,5.94,5.59,5.6,508.91,88652800
2011-05-13,5.67,5.67,5.59,5.67,154.46,27458300
2011-05-16,5.65,5.67,5.45,5.49,222.76,40231300
2011-05-17,5.48,5.59,5.46,5.53,169.08,30588000
2011-05-18,5.54,5.62,5.52,5.58,150.34,26967400
2011-05-19,5.59,5.67,5.54,5.57,221.41,39596200
2011-05-20,5.57,5.57,5.57,5.57,0,0
2011-05-23,5.6,5.6,5.31,5.36,174.81,32291400
2011-05-24,5.36,5.42,5.3,5.42,100.17,18645600
2011-05-25,5.41,5.44,5.3,5.37,88.53,16464200
2011-05-26,5.38,5.42,5.28,5.3,101.9,19063100
2011-05-27,5.33,5.33,5.23,5.25,120.61,22893800
2011-05-30,5.25,5.27,5.19,5.2,64.55,12341500
2011-05-31,5.21,5.3,5.2,5.28,146.5,27941200
2011-06-01,5.28,5.3,5.21,5.24,104.81,19982600
2011-06-02,5.19,5.25,5.09,5.18,191.89,37214400
2011-06-03,5.17,5.22,5.11,5.19,110.51,21347100
2011-06-07,5.19,5.27,5.16,5.24,111.39,21301300
2011-06-08,5.23,5.24,5.16,5.22,89.34,17167300
2011-06-09,5.2,5.26,5.15,5.16,98.24,18831700
2011-06-10,5.16,5.21,5.11,5.2,79.96,15496200
2011-06-13,5.15,5.15,5.03,5.1,94.96,18698900
2011-06-14,5.1,5.19,5.07,5.17,93.34,18131900
2011-06-15,5.15,5.28,5.14,5.18,116.43,22333800
2011-06-16,5.14,5.14,5.08,5.1,70.69,13849100
2011-06-17,5.09,5.16,5.07,5.09,69.18,13510600
2011-06-20,5.07,5.11,5,5.04,69.4,13773700
2011-06-21,5.07,5.13,5.03,5.12,70.14,13805400
2011-06-22,5.05,5.06,4.99,4.99,71.82,14322600
2011-06-23,4.99,5.08,4.93,5.06,91.1,18220100
2011-06-24,5.04,5.2,5,5.18,178.62,34856600
2011-06-27,5.18,5.22,5.13,5.17,142.31,27537500
2011-06-28,5.17,5.17,5.11,5.15,98.08,19080200
2011-06-29,5.16,5.21,5.11,5.11,101.57,19731500
2011-06-30,5.11,5.19,5.06,5.15,147.68,28745600
2011-07-01,5.14,5.19,5.11,5.16,128.65,24994200
2011-07-04,5.16,5.29,5.16,5.29,189.95,36228000
2011-07-05,5.29,5.34,5.25,5.28,141.96,26855600
2011-07-06,5.27,5.27,5.2,5.24,90.82,17365300
2011-07-07,5.22,5.28,5.21,5.22,114.25,21811300
2011-07-08,5.23,5.26,5.17,5.26,94.71,18181900
2011-07-11,5.22,5.23,5.19,5.22,69.42,13312800
2011-07-12,5.2,5.24,5.17,5.22,111.51,21427900
2011-07-13,5.21,5.28,5.19,5.27,121.76,23236700
2011-07-14,5.27,5.31,5.24,5.28,119.37,22652800
2011-07-15,5.28,5.39,5.23,5.35,209.44,39427000
2011-07-18,5.33,5.35,5.26,5.27,144.47,27267800
2011-07-19,5.24,5.26,5.18,5.2,86.25,16550300
2011-07-20,5.25,5.25,5.16,5.21,73.14,14063100
2011-07-21,5.21,5.23,5.13,5.14,73.69,14264100
2011-07-22,5.15,5.17,5.13,5.16,57.45,11151600
2011-07-25,5.13,5.14,4.98,5.01,109.12,21630200
2011-07-26,5.01,5.03,4.96,5.01,49.24,9843100
2011-07-27,5,5.04,4.97,5.03,64.3,12847500
2011-07-28,5,5.1,4.98,5.09,74.04,14668900
2011-07-29,5.08,5.08,5,5.05,48.65,9652900
2011-08-01,5.04,5.06,5,5.03,45.61,9072500
2011-08-02,5,5,4.93,4.97,63.2,12749700
2011-08-03,4.93,5.07,4.93,4.99,72.13,14373300
2011-08-04,4.99,5.04,4.98,5,44.35,8866500
2011-08-05,4.91,4.91,4.85,4.86,88.41,18114100
2011-08-08,4.83,4.86,4.41,4.53,106.5,22908800
2011-08-09,4.38,4.53,4.35,4.5,94.16,21190800
2011-08-10,4.58,4.64,4.55,4.56,70.93,15473500
2011-08-11,4.48,4.64,4.44,4.59,69.38,15266400
2011-08-12,4.65,4.72,4.64,4.65,83.28,17809700
2011-08-15,4.71,4.82,4.67,4.77,89.94,18971500
2011-08-16,4.75,4.81,4.71,4.74,63.3,13308000
2011-08-17,4.74,4.75,4.66,4.67,40.05,8508700
2011-08-18,4.69,4.71,4.59,4.59,47.89,10313600
2011-08-19,4.53,4.59,4.48,4.53,57.12,12610000
2011-08-22,4.53,4.57,4.47,4.49,38.89,8612900
2011-08-23,4.51,4.58,4.49,4.58,31.57,6936300
2011-08-24,4.61,4.64,4.56,4.58,32.63,7096800
2011-08-25,4.6,4.78,4.58,4.75,88.25,18839200
2011-08-26,4.72,4.76,4.69,4.72,57.17,12108000
2011-08-29,4.68,4.68,4.63,4.64,37.56,8074200
2011-08-30,4.69,4.74,4.61,4.62,41.58,8887700
2011-08-31,4.63,4.65,4.58,4.62,29.61,6412400
2011-09-01,4.63,4.67,4.58,4.58,31.48,6821700
2011-09-02,4.58,4.61,4.53,4.55,25.63,5620100
2011-09-05,4.53,4.55,4.44,4.46,37.51,8384000
2011-09-06,4.44,4.49,4.43,4.47,26.86,6017500
2011-09-07,4.5,4.57,4.49,4.56,35.9,7918200
2011-09-08,4.58,4.59,4.52,4.54,28.16,6174400
2011-09-09,4.58,4.6,4.52,4.54,28.36,6220700
2011-09-13,4.5,4.51,4.43,4.5,29.29,6560600
2011-09-14,4.5,4.53,4.43,4.53,30.11,6710600
2011-09-15,4.53,4.55,4.48,4.5,28.38,6269900
2011-09-16,4.53,4.55,4.49,4.49,21.09,4669200
2011-09-19,4.45,4.48,4.42,4.44,28.98,6523000
2011-09-20,4.43,4.46,4.4,4.44,25.28,5709500
2011-09-21,4.44,4.57,4.42,4.55,44.67,9886700
2011-09-22,4.5,4.53,4.43,4.44,31.32,6979300
2011-09-23,4.38,4.48,4.36,4.45,34.79,7894200
2011-09-26,4.43,4.48,4.38,4.39,26.88,6092500
2011-09-27,4.43,4.46,4.41,4.43,25.59,5771300
2011-09-28,4.45,4.47,4.38,4.39,23.66,5350400
2011-09-29,4.38,4.41,4.36,4.38,40.4,9206000
2011-09-30,4.4,4.4,4.33,4.39,33.03,7571500
2011-10-10,4.4,4.43,4.38,4.39,26.99,6129200
2011-10-11,4.45,4.52,4.37,4.43,63.14,14138800
2011-10-12,4.43,4.54,4.39,4.54,71.95,16004000
2011-10-13,4.51,4.67,4.5,4.62,85.98,18728700
2011-10-14,4.58,4.6,4.52,4.55,38.08,8355400
2011-10-17,4.57,4.6,4.5,4.54,34.79,7659200
2011-10-18,4.53,4.54,4.44,4.44,39.57,8828500
2011-10-19,4.44,4.49,4.44,4.45,26.78,5999000
2011-10-20,4.42,4.47,4.32,4.37,36.12,8233900
2011-10-21,4.37,4.4,4.35,4.38,21.55,4922000
2011-10-24,4.4,4.48,4.33,4.47,40.78,9244700
2011-10-25,4.45,4.55,4.42,4.52,61.65,13720100
2011-10-26,4.51,4.58,4.46,4.55,66.81,14733700
2011-10-27,4.55,4.62,4.52,4.55,55.02,12053900
2011-10-28,4.59,4.69,4.57,4.61,67.67,14665500
2011-10-31,4.61,4.65,4.56,4.57,53.87,11750700
2011-11-01,4.55,4.6,4.51,4.56,43.39,9515300
2011-11-02,4.5,4.61,4.47,4.61,62.88,13873800
2011-11-03,4.63,4.67,4.59,4.63,97.87,21084300
2011-11-04,4.65,4.68,4.62,4.66,69.36,14915200
2011-11-07,4.66,4.73,4.64,4.67,76.66,16353300
2011-11-08,4.71,4.72,4.59,4.6,62.37,13449600
2011-11-09,4.63,4.64,4.56,4.6,47.56,10335900
2011-11-10,4.57,4.69,4.55,4.57,79.98,17286700
2011-11-11,4.61,4.62,4.55,4.56,39.25,8564900
2011-11-14,4.59,4.64,4.56,4.61,55.45,12031000
2011-11-15,4.61,4.61,4.61,4.61,0,0
2011-11-16,4.6,4.64,4.47,4.49,63.06,13866200
2011-11-17,4.5,4.52,4.46,4.48,38.57,8605600
2011-11-18,4.45,4.47,4.38,4.38,41.95,9488200
2011-11-21,4.43,4.43,4.37,4.4,25.13,5724400
2011-11-22,4.4,4.41,4.36,4.39,27.3,6227800
2011-11-23,4.4,4.4,4.35,4.36,26.89,6151900
2011-11-24,4.34,4.37,4.31,4.36,29.65,6834400
2011-11-25,4.35,4.37,4.32,4.32,19.48,4487100
2011-11-28,4.32,4.36,4.31,4.33,19.93,4597500
2011-11-29,4.38,4.38,4.33,4.35,24.94,5732900
2011-11-30,4.35,4.36,4.16,4.17,48.88,11516200
2011-12-01,4.26,4.32,4.18,4.25,50.61,11886100
2011-12-02,4.22,4.24,4.17,4.2,23.78,5663500
2011-12-05,4.22,4.26,4.15,4.2,36.13,8627100
2011-12-06,4.2,4.21,4.14,4.16,27.84,6661700
2011-12-07,4.18,4.18,4.1,4.13,23.08,5578200
2011-12-08,4.14,4.18,4.12,4.16,24.93,6003000
2011-12-09,4.13,4.16,4.08,4.1,25.75,6263100
2011-12-12,4.11,4.12,4.04,4.04,19.3,4743100
2011-12-13,4.02,4.06,3.98,3.99,37.94,9459300
2011-12-14,3.98,4,3.95,3.96,21.59,5425800
2011-12-15,3.95,3.96,3.82,3.84,34.5,8895200
2011-12-16,3.85,3.9,3.8,3.89,28.99,7530800
2011-12-19,3.87,3.89,3.7,3.81,43.21,11472400
2011-12-20,3.8,3.84,3.73,3.74,36.29,9571200
2011-12-21,3.79,3.81,3.74,3.75,32.4,8570700
2011-12-22,3.75,3.77,3.67,3.74,33.64,9056800
2011-12-23,3.74,3.8,3.71,3.76,27.91,7436000
2011-12-26,3.74,3.84,3.71,3.76,35.4,9358300
2011-12-27,3.77,3.79,3.71,3.71,29.47,7885200
2011-12-28,3.7,3.75,3.67,3.74,28.57,7700200
2011-12-29,3.73,3.75,3.69,3.71,20.31,5454100
2011-12-30,3.73,3.75,3.71,3.73,27.57,7387100
2012-01-04,3.75,3.76,3.67,3.67,34.17,9210400
2012-01-05,3.66,3.66,3.55,3.59,34.8,9674200
2012-01-06,3.56,3.62,3.55,3.61,24.11,6727000
2012-01-09,3.62,3.72,3.57,3.72,44.69,12244500
2012-01-10,3.72,3.86,3.68,3.85,71.03,18822800
2012-01-11,3.84,3.94,3.79,3.86,72.93,18789400
2012-01-12,3.84,3.89,3.8,3.81,45.62,11861200
2012-01-13,3.83,3.84,3.7,3.71,54.26,14442600
2012-01-16,3.71,3.73,3.67,3.68,34.99,9443100
2012-01-17,3.66,3.91,3.66,3.89,60.14,15808400
2012-01-18,3.89,3.93,3.81,3.81,66.41,17167300
2012-01-19,3.83,3.92,3.81,3.92,77.9,20063500
2012-01-20,3.93,3.94,3.87,3.94,47.42,12115600
2012-01-30,3.94,3.98,3.83,3.86,49.25,12693000
2012-01-31,3.86,3.87,3.79,3.85,39.67,10388800
2012-02-01,3.83,3.86,3.78,3.8,35.38,9286400
2012-02-02,3.8,3.87,3.79,3.85,30.24,7876900
2012-02-03,3.84,3.88,3.82,3.87,43.11,11188100
2012-02-06,3.88,3.89,3.84,3.86,37.41,9679600
2012-02-07,3.84,3.86,3.78,3.8,42.82,11220700
2012-02-08,3.81,3.9,3.77,3.88,53.99,14045100
2012-02-09,3.88,3.94,3.86,3.91,89.41,22897300
2012-02-10,3.9,3.99,3.9,3.93,73.09,18481300
2012-02-13,3.9,3.95,3.87,3.92,52.31,13380800
2012-02-14,3.92,3.93,3.86,3.9,38.99,10023300
2012-02-15,3.88,3.97,3.88,3.95,52.38,13290700
2012-02-16,3.95,3.97,3.9,3.93,51.02,12957000
2012-02-17,3.95,3.97,3.92,3.94,35.34,8964500
2012-02-20,3.97,3.99,3.93,3.94,40.06,10103400
2012-02-21,3.96,3.96,3.87,3.95,39.42,10056300
2012-02-22,3.93,4,3.92,3.99,67.3,16986700
2012-02-23,4,4.07,3.98,4.03,91.18,22651900
2012-02-24,4.01,4.09,3.99,4.08,93.76,23193300
2012-02-27,4.08,4.19,4.08,4.13,110.11,26530200
2012-02-28,4.13,4.2,4.07,4.17,119.56,28984400
2012-02-29,4.15,4.16,4.1,4.11,61.28,14856200
2012-03-01,4.09,4.12,4.08,4.09,32.53,7932800
2012-03-02,4.1,4.15,4.09,4.14,40.55,9822100
2012-03-05,4.15,4.16,4.06,4.07,74.94,18271800
2012-03-06,4.07,4.09,4.01,4.02,53.98,13378600
2012-03-07,3.98,4.08,3.96,4.02,50.28,12507600
2012-03-08,4.02,4.07,4.01,4.04,48.63,12045300
2012-03-09,4.04,4.06,4,4.05,49.07,12178600
2012-03-12,4.05,4.06,3.99,4.01,64.36,16010500
2012-03-13,4.01,4.05,4,4.05,48.06,11918400
2012-03-14,4.06,4.15,3.93,3.95,161.24,39636900
2012-03-15,3.95,3.97,3.89,3.9,91.31,23354500
2012-03-16,3.9,3.93,3.87,3.92,50.38,12913200
2012-03-19,3.91,3.96,3.87,3.95,61.91,15796900
2012-03-20,3.93,3.98,3.89,3.92,57.8,14677000
2012-03-21,3.93,3.96,3.9,3.96,45.83,11650600
2012-03-22,3.96,3.96,3.91,3.92,27.59,7026700
2012-03-23,3.9,3.92,3.87,3.89,30.89,7922200
2012-03-26,3.89,3.9,3.87,3.88,18.85,4854000
2012-03-27,3.9,3.91,3.86,3.87,23.47,6043400
2012-03-28,3.87,3.88,3.65,3.71,52.34,13901800
2012-03-29,3.7,3.7,3.61,3.64,34.41,9394000
2012-03-30,3.63,3.68,3.63,3.65,23.56,6447500
2012-04-05,3.65,3.74,3.64,3.72,46.02,12457400
2012-04-06,3.71,3.76,3.7,3.72,35.68,9592300
2012-04-09,3.72,3.75,3.66,3.71,27.54,7421400
2012-04-10,3.71,3.72,3.63,3.72,31.85,8675000
2012-04-11,3.69,3.74,3.67,3.71,27.53,7438300
2012-04-12,3.7,3.77,3.7,3.76,38.3,10245400
2012-04-13,3.76,3.83,3.73,3.8,56.77,15014000
2012-04-16,3.77,3.85,3.76,3.83,39.88,10460600
2012-04-17,3.84,3.88,3.8,3.83,40.91,10663100
2012-04-18,3.86,3.89,3.82,3.88,43.26,11205100
2012-04-19,3.87,3.88,3.83,3.85,27.1,7032700
2012-04-20,3.85,3.87,3.83,3.86,37.47,9734200
2012-04-23,3.85,3.87,3.81,3.82,37.95,9887300
2012-04-24,3.81,3.84,3.74,3.78,42.5,11224700
2012-04-25,3.77,3.85,3.75,3.85,42.8,11242800
2012-04-26,3.85,3.87,3.82,3.84,45.67,11878000
2012-04-27,3.83,3.88,3.81,3.85,42.13,10931300
2012-05-02,3.88,3.94,3.87,3.93,76.49,19545900
2012-05-03,3.92,3.96,3.9,3.93,42.35,10759700
2012-05-04,3.92,3.98,3.92,3.94,51.66,13049700
2012-05-07,3.93,3.95,3.88,3.91,77.49,19846500
2012-05-08,3.91,3.93,3.88,3.9,56.64,14474700
2012-05-09,3.89,3.9,3.83,3.85,59.85,15527000
2012-05-10,3.85,3.9,3.83,3.9,43.83,11325500
2012-05-11,3.88,3.9,3.83,3.84,30.96,8022400
2012-05-14,3.85,3.87,3.76,3.76,51.85,13598600
2012-05-15,3.75,3.76,3.7,3.75,41.66,11182300
2012-05-16,3.74,3.76,3.71,3.73,26.88,7200700
2012-05-17,3.73,3.8,3.71,3.8,24.76,6592900
2012-05-18,3.78,3.81,3.74,3.75,25.61,6787500
2012-05-21,3.75,3.77,3.72,3.75,19.8,5278900
2012-05-22,3.75,3.77,3.73,3.76,35.33,9420200
2012-05-23,3.76,3.78,3.73,3.74,26.67,7104200
2012-05-24,3.74,3.75,3.71,3.72,23.5,6305200
2012-05-25,3.72,3.72,3.72,3.72,0,0
2012-05-28,3.7,3.81,3.69,3.81,67.46,17898900
2012-05-29,3.81,3.85,3.79,3.84,59.09,15486500
2012-05-30,3.85,3.85,3.8,3.81,24.54,6431200
2012-05-31,3.77,3.79,3.74,3.75,33.06,8779800
2012-06-01,3.74,3.78,3.74,3.76,22.76,6055900
2012-06-04,3.72,3.73,3.65,3.66,33.12,8973100
2012-06-05,3.66,3.68,3.65,3.66,22.75,6209900
2012-06-06,3.67,3.69,3.65,3.67,20.88,5692500
2012-06-07,3.69,3.7,3.62,3.64,21.34,5828000
2012-06-08,3.65,3.67,3.63,3.64,16.51,4519700
2012-06-11,3.65,3.7,3.63,3.68,18.69,5096700
2012-06-12,3.67,3.68,3.63,3.65,17.8,4881800
2012-06-13,3.65,3.66,3.62,3.66,22.79,6255600
2012-06-14,3.66,3.67,3.62,3.64,24.23,6656300
2012-06-15,3.65,3.66,3.63,3.65,18.19,4988000
2012-06-18,3.67,3.7,3.66,3.7,21.32,5791000
2012-06-19,3.69,3.72,3.68,3.71,25.95,6999600
2012-06-20,3.72,3.73,3.68,3.7,18.31,4941800
2012-06-21,3.69,3.69,3.62,3.65,23.18,6357000
2012-06-25,3.64,3.66,3.61,3.63,31.49,8646800
2012-06-26,3.63,3.63,3.58,3.62,15.14,4202900
2012-06-27,3.59,3.6,3.53,3.54,17.89,5013100
2012-06-28,3.56,3.57,3.52,3.52,13.99,3949900
2012-06-29,3.54,3.57,3.47,3.53,24.91,7095200
2012-07-02,3.54,3.54,3.49,3.53,26.06,7420400
2012-07-03,3.52,3.54,3.49,3.5,22.71,6454200
2012-07-04,3.51,3.55,3.5,3.53,15.61,4428700
2012-07-05,3.52,3.53,3.47,3.49,17.33,4962600
2012-07-06,3.5,3.54,3.47,3.54,18.94,5410800
2012-07-09,3.52,3.55,3.47,3.48,20.58,5854000
2012-07-10,3.48,3.51,3.47,3.47,18.52,5310900
2012-07-11,3.47,3.51,3.47,3.5,17.41,4986900
2012-07-12,3.49,3.53,3.47,3.5,28.75,8204400
2012-07-13,3.5,3.53,3.48,3.52,21.96,6244700
2012-07-16,3.53,3.56,3.5,3.52,42.17,11938000
2012-07-17,3.51,3.54,3.51,3.53,16.74,4738600
2012-07-18,3.53,3.57,3.51,3.51,26.32,7459000
2012-07-19,3.52,3.55,3.51,3.53,22.69,6431800
2012-07-20,3.52,3.53,3.49,3.5,18.72,5333800
2012-07-23,3.48,3.51,3.47,3.5,14.8,4241900
2012-07-24,3.49,3.54,3.48,3.52,20.74,5890500
2012-07-25,3.5,3.52,3.4,3.43,31.69,9166300
2012-07-26,3.44,3.49,3.4,3.44,21.27,6169400
2012-07-27,3.44,3.45,3.42,3.45,15.34,4459600
2012-07-30,3.47,3.72,3.46,3.65,83.3,23226300
2012-07-31,3.57,3.61,3.52,3.55,56.88,15955400
2012-08-01,3.52,3.58,3.51,3.55,29.43,8262900
2012-08-02,3.53,3.62,3.52,3.53,39.33,11015500
2012-08-03,3.52,3.57,3.47,3.55,30.24,8597100
2012-08-06,3.55,3.58,3.5,3.56,35.22,9929400
2012-08-07,3.56,3.65,3.53,3.6,50.59,14076300
2012-08-08,3.59,3.59,3.54,3.58,34.5,9679400
2012-08-09,3.56,3.59,3.54,3.57,26.31,7378900
2012-08-10,3.57,3.6,3.55,3.57,33.5,9357500
2012-08-13,3.56,3.59,3.53,3.54,28.61,8042700
2012-08-14,3.56,3.61,3.53,3.59,44.31,12399300
2012-08-15,3.57,3.63,3.57,3.6,34.77,9643400
2012-08-16,3.61,3.64,3.59,3.63,33.21,9165200
2012-08-17,3.62,3.64,3.54,3.58,30.37,8488200
2012-08-20,3.56,3.56,3.49,3.51,25.05,7135400
2012-08-21,3.51,3.54,3.49,3.51,20.84,5925000
2012-08-22,3.5,3.53,3.5,3.5,22.08,6282700
2012-08-23,3.51,3.52,3.48,3.49,18.36,5246800
2012-08-24,3.48,3.5,3.45,3.45,13.73,3959300
2012-08-27,3.42,3.44,3.38,3.38,22.82,6725900
2012-08-28,3.41,3.48,3.41,3.43,32.4,9414800
2012-08-29,3.42,3.43,3.38,3.38,15.81,4655800
2012-08-30,3.39,3.4,3.33,3.34,22.5,6703600
2012-08-31,3.34,3.34,3.15,3.29,24.14,7376000
2012-09-03,3.28,3.29,3.24,3.26,25.3,7757200
2012-09-04,3.25,3.26,3.18,3.19,24.09,7490200
2012-09-05,3.18,3.21,3.15,3.2,18.25,5743500
2012-09-06,3.19,3.23,3.19,3.21,17.17,5353900
2012-09-07,3.23,3.45,3.23,3.38,77.65,23061900
2012-09-10,3.42,3.52,3.37,3.48,88.57,25538300
2012-09-11,3.46,3.46,3.39,3.43,37.78,11046700
2012-09-12,3.45,3.48,3.4,3.44,31.33,9128600
2012-09-13,3.42,3.46,3.39,3.39,36.47,10632500
2012-09-14,3.42,3.45,3.39,3.4,28.99,8479300
2012-09-17,3.41,3.43,3.3,3.31,25.82,7675100
2012-09-18,3.3,3.3,3.24,3.27,19.98,6133400
2012-09-19,3.27,3.28,3.24,3.26,18.17,5575900
2012-09-20,3.25,3.26,3.19,3.2,24.54,7606800
2012-09-21,3.2,3.25,3.2,3.24,21.24,6564800
2012-09-24,3.25,3.26,3.18,3.23,20.85,6476000
2012-09-25,3.24,3.55,3.21,3.37,37.18,11162200
2012-09-26,3.3,3.33,3.23,3.24,31.73,9676600
2012-09-27,3.24,3.39,3.22,3.33,36.13,10885100
2012-09-28,3.3,3.4,3.3,3.37,36.67,10892100
2012-10-08,3.37,3.39,3.31,3.34,16.61,4963500
2012-10-09,3.36,3.42,3.34,3.4,34.55,10174100
2012-10-10,3.4,3.48,3.37,3.43,31.88,9292600
2012-10-11,3.42,3.43,3.35,3.36,25.54,7554800
2012-10-12,3.38,3.4,3.33,3.36,18.76,5572400
2012-10-15,3.35,3.36,3.31,3.34,13,3898600
2012-10-16,3.34,3.37,3.32,3.34,16.25,4861700
2012-10-17,3.35,3.37,3.31,3.34,17.63,5280200
2012-10-18,3.36,3.41,3.34,3.39,25.37,7509500
2012-10-19,3.39,3.43,3.35,3.37,21.3,6283500
2012-10-22,3.36,3.4,3.35,3.39,14.91,4430300
2012-10-23,3.38,3.4,3.36,3.37,18.51,5474400
2012-10-24,3.35,3.42,3.35,3.39,34.18,10073300
2012-10-25,3.37,3.54,3.37,3.42,71.89,20744700
2012-10-26,3.42,3.42,3.31,3.32,35.39,10570100
2012-10-29,3.32,3.34,3.28,3.28,17.96,5440300
2012-10-30,3.28,3.33,3.27,3.31,19.56,5918400
2012-10-31,3.31,3.33,3.29,3.32,13.36,4032200
2012-11-01,3.32,3.39,3.32,3.37,24.15,7176800
2012-11-02,3.38,3.41,3.37,3.4,20.71,6101800
2012-11-05,3.41,3.42,3.35,3.4,20.23,5974700
2012-11-06,3.39,3.4,3.34,3.37,19.12,5679400
2012-11-07,3.37,3.38,3.33,3.35,21.55,6407900
2012-11-08,3.35,3.35,3.3,3.31,19.39,5830800
2012-11-09,3.31,3.34,3.3,3.33,13.71,4129400
2012-11-12,3.32,3.34,3.31,3.32,15.37,4622700
2012-11-13,3.32,3.33,3.28,3.29,21.92,6640900
2012-11-14,3.29,3.31,3.27,3.3,16.68,5065200
2012-11-15,3.3,3.3,3.25,3.25,14.59,4462100
2012-11-16,3.26,3.27,3.22,3.23,15.77,4859100
2012-11-19,3.23,3.26,3.21,3.24,12.27,3785600
2012-11-20,3.26,3.32,3.24,3.28,16.78,5106500
2012-11-21,3.29,3.32,3.27,3.31,12.98,3935800
2012-11-22,3.3,3.32,3.27,3.3,11.04,3349600
2012-11-23,3.31,3.33,3.29,3.29,10.48,3171200
2012-11-26,3.28,3.31,3.27,3.28,10.2,3100500
2012-11-27,3.27,3.31,3.26,3.26,20.84,6346000
2012-11-28,3.25,3.26,3.21,3.23,16.5,5107800
2012-11-29,3.23,3.3,3.21,3.27,19.19,5889000
2012-11-30,3.27,3.29,3.25,3.27,18.32,5601800
2012-12-03,3.27,3.28,3.23,3.23,14.78,4551200
2012-12-04,3.25,3.26,3.22,3.24,15.71,4846600
2012-12-05,3.26,3.34,3.22,3.32,44.43,13468200
2012-12-06,3.33,3.36,3.31,3.32,26.98,8089900
2012-12-07,3.32,3.38,3.3,3.34,89.52,26726600
2012-12-10,3.36,3.39,3.34,3.37,48.46,14406000
2012-12-11,3.35,3.39,3.34,3.36,42.08,12492600
2012-12-12,3.35,3.38,3.35,3.37,27.85,8282500
2012-12-13,3.37,3.38,3.32,3.33,30.27,9064300
2012-12-14,3.33,3.47,3.32,3.44,100.53,29425600
2012-12-17,3.45,3.53,3.44,3.47,70.09,20130100
2012-12-18,3.47,3.5,3.43,3.45,55.76,16081200
2012-12-19,3.49,3.5,3.45,3.47,40.8,11752500
2012-12-20,3.47,3.5,3.44,3.49,28.31,8163000
2012-12-21,3.5,3.52,3.45,3.46,39.43,11335700
2012-12-24,3.44,3.47,3.44,3.45,23.62,6842900
2012-12-25,3.45,3.52,3.4,3.5,63.41,18243600
2012-12-26,3.51,3.55,3.48,3.54,64.12,18202700
2012-12-27,3.54,3.63,3.51,3.55,69.05,19386300
2012-12-28,3.55,3.57,3.52,3.56,38,10713600
2012-12-31,3.57,3.65,3.55,3.61,60.68,16791200
2013-01-04,3.71,3.75,3.59,3.64,105.96,28933100
2013-01-07,3.64,3.68,3.62,3.64,56.19,15417000
2013-01-08,3.64,3.67,3.59,3.62,52.56,14537000
2013-01-09,3.61,3.63,3.57,3.6,49.2,13649800
2013-01-10,3.6,3.66,3.59,3.64,54.53,15008700
2013-01-11,3.64,3.69,3.53,3.56,57.49,15909000
2013-01-14,3.55,3.66,3.53,3.64,51.85,14357700
2013-01-15,3.64,3.7,3.64,3.66,63.36,17265900
2013-01-16,3.66,3.67,3.58,3.62,46.64,12862900
2013-01-17,3.62,3.67,3.59,3.61,33.53,9255300
2013-01-18,3.64,3.69,3.6,3.66,47.48,13026400
2013-01-21,3.67,3.69,3.63,3.65,46.67,12772100
2013-01-22,3.65,3.66,3.6,3.61,56.02,15468800
2013-01-23,3.61,3.66,3.6,3.62,39.47,10884300
2013-01-24,3.62,3.69,3.61,3.64,82.1,22462600
2013-01-25,3.64,3.66,3.58,3.58,43.12,11928700
2013-01-28,3.59,3.63,3.58,3.63,38.17,10578500
2013-01-29,3.63,3.66,3.61,3.65,64.36,17699500
2013-01-30,3.65,3.81,3.63,3.76,148.86,39788700
2013-01-31,3.75,3.76,3.7,3.72,65.22,17521700
2013-02-01,3.71,3.77,3.71,3.73,50.15,13441400
2013-02-04,3.73,3.78,3.72,3.77,64.38,17145800
2013-02-05,3.77,3.81,3.73,3.78,58.94,15593900
2013-02-06,3.78,3.8,3.74,3.76,39.68,10516700
2013-02-07,3.75,3.77,3.73,3.74,38.36,10246700
2013-02-08,3.74,3.8,3.73,3.77,53.65,14212700
2013-02-18,3.78,3.79,3.7,3.72,46.81,12532300
2013-02-19,3.73,3.73,3.61,3.65,46.56,12667800
2013-02-20,3.65,3.68,3.63,3.67,25.72,7019000
2013-02-21,3.65,3.66,3.54,3.58,50.47,14085900
2013-02-22,3.58,3.59,3.53,3.55,26.47,7426800
2013-02-25,3.55,3.58,3.53,3.57,36.9,10378900
2013-02-26,3.55,3.57,3.53,3.53,45.59,12844800
2013-02-27,3.53,3.57,3.53,3.57,49.7,14015200
2013-02-28,3.57,3.62,3.52,3.59,64.79,18152400
2013-03-01,3.59,3.6,3.53,3.57,37.05,10419800
2013-03-04,3.55,3.57,3.39,3.46,127.34,36903200
2013-03-05,3.45,3.51,3.42,3.5,57.4,16523800
2013-03-06,3.51,3.52,3.48,3.51,59.58,17053300
2013-03-07,3.5,3.5,3.46,3.49,39.28,11288300
2013-03-08,3.48,3.5,3.46,3.49,26.6,7637500
2013-03-11,3.46,3.47,3.45,3.47,21.57,6234700
2013-03-12,3.46,3.49,3.4,3.44,43.99,12770200
2013-03-13,3.43,3.44,3.38,3.41,27.68,8130600
2013-03-14,3.39,3.41,3.37,3.38,19.8,5835500
2013-03-15,3.38,3.44,3.36,3.42,36.15,10628900
2013-03-18,3.4,3.41,3.35,3.37,22.88,6783200
2013-03-19,3.38,3.38,3.34,3.38,21.56,6410600
2013-03-20,3.37,3.44,3.37,3.44,35.98,10520800
2013-03-21,3.44,3.45,3.41,3.45,22.59,6580900
2013-03-22,3.45,3.45,3.42,3.45,14.63,4259800
2013-03-25,3.44,3.5,3.43,3.49,36.04,10381800
2013-03-26,3.49,3.49,3.4,3.43,30.51,8910800
2013-03-27,3.43,3.45,3.39,3.42,20.6,6028700
2013-03-28,3.39,3.42,3.29,3.34,51.35,15338300
2013-03-29,3.34,3.35,3.32,3.33,18.57,5570100
2013-04-01,3.3,3.34,3.29,3.34,32.4,9765500
2013-04-02,3.34,3.36,3.31,3.34,28.92,8678800
2013-04-03,3.34,3.36,3.33,3.35,26.14,7807500
2013-04-08,3.32,3.34,3.28,3.34,29.95,9062800
2013-04-09,3.33,3.35,3.32,3.35,25.9,7768600
2013-04-10,3.34,3.35,3.3,3.34,26.44,7965200
2013-04-11,3.35,3.35,3.31,3.33,17.16,5153000
2013-04-12,3.33,3.33,3.29,3.31,16.18,4887400
2013-04-15,3.31,3.32,3.26,3.28,18.64,5670500
2013-04-16,3.28,3.29,3.26,3.29,19.57,5976100
2013-04-17,3.28,3.29,3.25,3.28,15.74,4814200
2013-04-18,3.26,3.29,3.25,3.27,18.95,5797400
2013-04-19,3.28,3.32,3.26,3.31,46.86,14223600
2013-04-22,3.3,3.31,3.29,3.31,28.6,8663100
2013-04-23,3.3,3.31,3.23,3.25,31.88,9795300
2013-04-24,3.25,3.29,3.23,3.28,44.42,13633600
2013-04-25,3.26,3.27,3.24,3.27,23.48,7213400
2013-04-26,3.26,3.27,3.22,3.25,20.82,6416800
2013-05-02,3.23,3.24,3.18,3.22,30.84,9641300
2013-05-03,3.21,3.25,3.2,3.23,53.02,16450300
2013-05-06,3.23,3.26,3.22,3.24,46.63,14391800
2013-05-07,3.24,3.26,3.23,3.25,32.19,9927300
2013-05-08,3.25,3.27,3.24,3.26,39.59,12185700
2013-05-09,3.26,3.26,3.21,3.24,27.78,8597100
2013-05-10,3.22,3.24,3.21,3.24,24.39,7564300
2013-05-13,3.23,3.24,3.2,3.23,26.89,8341700
2013-05-14,3.22,3.23,3.19,3.21,29.3,9157000
2013-05-15,3.2,3.21,3.19,3.21,23.82,7441400
2013-05-16,3.2,3.23,3.18,3.23,37.77,11780000
2013-05-17,3.22,3.28,3.21,3.28,49.54,15265100
2013-05-20,3.27,3.29,3.26,3.27,39.6,12084800
2013-05-21,3.28,3.28,3.25,3.26,33.59,10294900
2013-05-22,3.26,3.3,3.25,3.28,42.22,12881800
2013-05-23,3.27,3.3,3.25,3.27,44.11,13467900
2013-05-24,3.27,3.28,3.26,3.28,28.99,8862700
2013-05-27,3.28,3.28,3.26,3.26,24.94,7632600
2013-05-28,3.26,3.29,3.24,3.29,37.08,11355400
2013-05-29,3.29,3.33,3.28,3.3,45.99,13920300
2013-05-30,3.3,3.31,3.28,3.29,29.58,8975300
2013-05-31,3.29,3.3,3.27,3.28,23.24,7076000
2013-06-03,3.28,3.29,3.27,3.28,24.38,7436300
2013-06-04,3.28,3.28,3.23,3.24,26.39,8114800
2013-06-05,3.24,3.24,3.21,3.23,17.77,5507700
2013-06-06,3.22,3.23,3.2,3.22,17.22,5355600
2013-06-07,3.22,3.22,3.17,3.19,28.06,8787600
2013-06-13,3.17,3.18,3.07,3.11,33,10624400
2013-06-14,3.1,3.11,3.05,3.08,41.26,13412000
2013-06-17,3.07,3.08,3,3.02,49.72,16367200
2013-06-18,3.03,3.03,2.95,2.98,74.39,25009600
2013-06-19,2.97,3.09,2.88,3,87.86,29698800
2013-06-20,2.95,2.96,2.87,2.89,43.75,15002500
2013-06-21,2.87,2.88,2.83,2.85,37.66,13181900
2013-06-24,2.84,2.85,2.68,2.7,51.54,18768600
2013-06-25,2.68,2.69,2.43,2.62,55,21189400
2013-06-26,2.61,2.61,2.51,2.56,51.59,20199100
2013-06-27,2.57,2.63,2.56,2.6,66.2,25590900
2013-06-28,2.58,2.58,2.42,2.57,66.54,26357400
2013-07-01,2.55,2.55,2.5,2.54,50.97,20202600
2013-07-02,2.54,2.58,2.51,2.57,38.49,15164500
2013-07-03,2.52,2.65,2.5,2.53,50.74,19997200
2013-07-04,2.53,2.56,2.49,2.54,45.63,18045600
2013-07-05,2.55,2.57,2.51,2.54,43.19,17053300
2013-07-08,2.52,2.53,2.44,2.45,38.72,15638000
2013-07-09,2.44,2.46,2.43,2.46,20.61,8425000
2013-07-10,2.45,2.52,2.44,2.52,26.76,10790300
2013-07-11,2.51,2.62,2.5,2.6,69.34,26890200
2013-07-12,2.6,2.61,2.55,2.56,44.38,17205800
2013-07-15,2.55,2.59,2.54,2.58,33.64,13101500
2013-07-16,2.57,2.58,2.52,2.57,31.17,12220200
2013-07-17,2.57,2.58,2.53,2.54,32.56,12734300
2013-07-18,2.53,2.54,2.48,2.5,30.32,12116000
2013-07-19,2.49,2.5,2.45,2.46,26.26,10608500
2013-07-22,2.44,2.46,2.4,2.46,23.12,9504800
2013-07-23,2.46,2.52,2.44,2.51,33.48,13432400
2013-07-24,2.5,2.51,2.46,2.48,23.18,9336500
2013-07-25,2.49,2.52,2.46,2.49,34.38,13761600
2013-07-26,2.48,2.49,2.46,2.47,20.48,8283400
2013-07-29,2.47,2.47,2.42,2.42,20.71,8499400
2013-07-30,2.42,2.47,2.42,2.45,21.49,8789600
2013-07-31,2.45,2.48,2.44,2.45,17.96,7289200
2013-08-01,2.46,2.49,2.44,2.49,20.24,8186600
2013-08-02,2.49,2.51,2.47,2.5,29.42,11809300
2013-08-05,2.49,2.54,2.48,2.53,28.63,11389800
2013-08-06,2.52,2.55,2.49,2.54,35.72,14152000
2013-08-07,2.54,2.57,2.52,2.53,37.73,14817300
2013-08-08,2.53,2.55,2.51,2.53,22.91,9059900
2013-08-09,2.53,2.56,2.52,2.53,28.23,11136000
2013-08-12,2.53,2.64,2.52,2.64,74.04,28616300
2013-08-13,2.61,2.74,2.61,2.69,80.29,29920400
2013-08-14,2.68,2.69,2.63,2.65,41.77,15678400
2013-08-15,2.65,2.67,2.59,2.61,37.87,14424800
2013-08-16,2.59,2.69,2.56,2.59,51.9,19836100
2013-08-19,2.57,2.61,2.55,2.61,29.49,11451500
2013-08-20,2.6,2.61,2.55,2.57,23.15,8962800
2013-08-21,2.56,2.58,2.55,2.58,13.09,5096200
2013-08-22,2.57,2.59,2.56,2.58,19.2,7458300
2013-08-23,2.58,2.59,2.53,2.56,22.67,8856100
2013-08-26,2.55,2.6,2.55,2.6,24.58,9534700
2013-08-27,2.59,2.61,2.58,2.61,27.55,10615500
2013-08-28,2.6,2.63,2.56,2.62,40.4,15557000
2013-08-29,2.62,2.66,2.61,2.65,55.16,20868600
2013-08-30,2.64,2.65,2.6,2.65,53.09,20218600
2013-09-02,2.64,2.67,2.61,2.66,46.67,17654700
2013-09-03,2.66,2.67,2.63,2.65,52.42,19772600
2013-09-04,2.66,2.75,2.64,2.71,153.83,57206800
2013-09-05,2.69,2.69,2.63,2.64,63.17,23830300
2013-09-06,2.64,2.65,2.61,2.65,36.09,13726800
2013-09-09,2.66,2.71,2.63,2.7,85.17,31762700
2013-09-10,2.69,2.78,2.68,2.77,125.91,45884500
2013-09-11,2.79,2.98,2.79,2.9,218.95,75665100
2013-09-12,2.88,2.89,2.83,2.86,88.73,31089800
2013-09-13,2.84,2.86,2.78,2.81,59.27,21073800
2013-09-16,2.81,2.83,2.77,2.79,39.72,14213000
2013-09-17,2.78,2.8,2.72,2.72,40.5,14729900
2013-09-18,2.72,2.75,2.71,2.75,28.6,10463800
2013-09-23,2.75,2.78,2.74,2.77,39.19,14201900
2013-09-24,2.76,2.76,2.7,2.71,35.01,12867200
2013-09-25,2.71,2.71,2.65,2.67,46.44,17291600
2013-09-26,2.66,2.67,2.62,2.64,31.78,12032300
2013-09-27,2.63,2.66,2.61,2.66,26.78,10134900
2013-09-30,2.66,2.69,2.65,2.67,34.64,12981400
2013-10-08,2.66,2.69,2.62,2.69,32.86,12344600
2013-10-09,2.67,2.7,2.67,2.7,31.8,11853400
2013-10-10,2.7,2.7,2.66,2.69,39.29,14635900
2013-10-11,2.69,2.74,2.68,2.74,40.9,15059100
2013-10-14,2.73,2.78,2.72,2.77,46.3,16803100
2013-10-15,2.77,2.77,2.73,2.74,33.08,12035100
2013-10-16,2.76,2.78,2.68,2.7,39.61,14525800
2013-10-17,2.7,2.72,2.68,2.69,34.87,12933600
2013-10-18,2.7,2.7,2.68,2.69,28.97,10784500
2013-10-21,2.69,2.7,2.65,2.7,36.29,13529700
2013-10-22,2.7,2.7,2.67,2.68,26.82,10006900
2013-10-23,2.68,2.71,2.64,2.66,35.98,13443300
2013-10-24,2.65,2.66,2.62,2.64,24.69,9346100
2013-10-25,2.63,2.64,2.58,2.6,30.79,11806900
2013-10-28,2.59,2.61,2.58,2.6,22.71,8759900
2013-10-29,2.59,2.62,2.51,2.55,35.22,13751000
2013-10-30,2.54,2.61,2.52,2.61,30.02,11675800
2013-10-31,2.59,2.6,2.57,2.59,17.53,6791500
2013-11-01,2.59,2.6,2.57,2.6,14.77,5712300
2013-11-04,2.61,2.61,2.57,2.58,19.06,7365700
2013-11-05,2.57,2.59,2.54,2.59,18.61,7257200
2013-11-06,2.57,2.62,2.57,2.58,25.54,9859100
2013-11-07,2.58,2.59,2.55,2.56,15.84,6172200
2013-11-08,2.56,2.56,2.52,2.53,21,8271100
2013-11-11,2.52,2.54,2.51,2.54,13,5144600
2013-11-12,2.54,2.56,2.53,2.56,14.63,5744000
2013-11-13,2.54,2.55,2.52,2.52,15.19,6006000
2013-11-14,2.53,2.54,2.5,2.53,15.41,6121300
2013-11-15,2.53,2.58,2.52,2.57,25.53,9965600
2013-11-18,2.57,2.62,2.56,2.61,32.69,12568600
2013-11-19,2.62,2.62,2.59,2.6,25.24,9694100
2013-11-20,2.61,2.62,2.59,2.62,18.52,7120700
2013-11-21,2.62,2.62,2.58,2.6,26.11,10061900
2013-11-22,2.6,2.6,2.58,2.6,22.49,8683600
2013-11-25,2.59,2.62,2.58,2.6,25.31,9713300
2013-11-26,2.6,2.62,2.59,2.61,24.77,9497700
2013-11-27,2.6,2.63,2.59,2.63,30.59,11710900
2013-11-28,2.63,2.77,2.61,2.71,115.19,42650600
2013-11-29,2.68,2.78,2.67,2.75,123.28,45130300
2013-12-02,2.76,2.78,2.64,2.69,113.11,41608700
2013-12-03,2.68,2.79,2.67,2.79,95.16,34520200
2013-12-04,2.79,2.84,2.76,2.81,99.67,35524000
2013-12-05,2.81,2.82,2.77,2.8,65.37,23393400
2013-12-06,2.8,2.8,2.74,2.76,35.64,12887700
2013-12-09,2.76,2.77,2.72,2.75,30.58,11106300
2013-12-10,2.75,2.78,2.73,2.75,39.83,14477400
2013-12-11,2.74,2.74,2.68,2.69,33.83,12502700
2013-12-12,2.69,2.72,2.68,2.71,20.12,7444300
2013-12-13,2.69,2.71,2.68,2.69,20.81,7730600
2013-12-16,2.7,2.7,2.65,2.65,24.32,9123100
2013-12-17,2.65,2.66,2.62,2.63,19.97,7568900
2013-12-18,2.63,2.65,2.62,2.63,11.86,4495500
2013-12-19,2.65,2.65,2.61,2.62,21.16,8057000
2013-12-20,2.63,2.63,2.57,2.58,23.56,9082400
2013-12-23,2.58,2.59,2.53,2.57,17.56,6872000
2013-12-24,2.57,2.6,2.55,2.57,16.45,6390200
2013-12-25,2.57,2.59,2.57,2.58,11.05,4291000
2013-12-26,2.58,2.58,2.54,2.54,15.12,5915300
2013-12-27,2.55,2.6,2.54,2.58,16.28,6334900
2013-12-30,2.59,2.61,2.56,2.56,16.58,6434100
2013-12-31,2.57,2.6,2.56,2.59,17.48,6774400
2014-01-02,2.59,2.62,2.58,2.61,20.09,7721100
2014-01-03,2.61,2.61,2.56,2.58,19.78,7659700
2014-01-06,2.57,2.58,2.51,2.53,25.89,10209300
2014-01-07,2.52,2.54,2.5,2.53,10.82,4286500
2014-01-08,2.53,2.55,2.5,2.51,14.27,5666400
2014-01-09,2.5,2.51,2.48,2.48,19.01,7614800
2014-01-10,2.47,2.47,2.45,2.45,15.53,6317100
2014-01-13,2.46,2.47,2.41,2.43,20.25,8277700
2014-01-14,2.43,2.44,2.4,2.43,56.73,23509900
2014-01-15,2.42,2.43,2.39,2.4,22.13,9211800
2014-01-16,2.41,2.44,2.39,2.41,22.7,9390000
2014-01-17,2.41,2.42,2.38,2.4,21.42,8930500
2014-01-20,2.4,2.4,2.38,2.38,13.27,5554600
2014-01-21,2.39,2.42,2.38,2.41,14.17,5896700
2014-01-22,2.41,2.46,2.4,2.46,27.11,11114100
2014-01-23,2.46,2.47,2.44,2.45,15.96,6513600
2014-01-24,2.44,2.47,2.43,2.45,16.54,6733900
2014-01-27,2.44,2.45,2.42,2.43,13.52,5556600
2014-01-28,2.44,2.46,2.43,2.45,15.47,6331400
2014-01-29,2.45,2.46,2.44,2.46,13.84,5643300
2014-01-30,2.46,2.47,2.44,2.45,14.84,6055900
2014-02-07,2.44,2.46,2.43,2.46,13.12,5369100
2014-02-10,2.45,2.51,2.45,2.5,34.09,13713600
2014-02-11,2.5,2.52,2.48,2.5,22.63,9055100
2014-02-12,2.49,2.51,2.49,2.5,23.91,9564300
2014-02-13,2.5,2.51,2.48,2.49,24.35,9770500
2014-02-14,2.48,2.51,2.48,2.5,26.15,10490300
2014-02-17,2.51,2.52,2.5,2.51,29.92,11927600
2014-02-18,2.52,2.53,2.48,2.49,33.47,13402600
2014-02-19,2.49,2.52,2.47,2.51,29.42,11771400
2014-02-20,2.51,2.56,2.5,2.52,46.78,18497500
2014-02-21,2.52,2.52,2.47,2.48,23.5,9429900
2014-02-24,2.47,2.48,2.42,2.43,37.63,15454300
2014-02-25,2.43,2.44,2.39,2.39,28.46,11764500
2014-02-26,2.39,2.41,2.38,2.39,21.63,9039500
2014-02-27,2.4,2.44,2.39,2.41,31.38,13023800
2014-02-28,2.42,2.42,2.39,2.41,20.94,8720200
2014-03-03,2.41,2.43,2.41,2.42,27.36,11325000
2014-03-04,2.41,2.42,2.39,2.41,29.89,12449400
2014-03-05,2.41,2.42,2.39,2.39,16.14,6714300
2014-03-06,2.4,2.41,2.37,2.4,25.32,10594600
2014-03-07,2.4,2.42,2.39,2.4,22.78,9466900
2014-03-10,2.39,2.4,2.33,2.35,25.67,10847600
2014-03-11,2.34,2.36,2.31,2.32,27.12,11630400
2014-03-12,2.32,2.36,2.3,2.33,24.26,10433500
2014-03-13,2.32,2.36,2.32,2.35,18.39,7858100
2014-03-14,2.33,2.34,2.31,2.33,18.6,8004900
2014-03-17,2.32,2.35,2.32,2.34,19.03,8137600
2014-03-18,2.35,2.35,2.33,2.34,13.25,5669200
2014-03-19,2.33,2.35,2.31,2.34,24.78,10640400
2014-03-20,2.33,2.35,2.31,2.32,28.25,12110400
2014-03-21,2.31,2.38,2.3,2.36,40.16,17162400
2014-03-24,2.36,2.44,2.35,2.41,63.96,26666900
2014-03-25,2.4,2.42,2.38,2.39,38.1,15862600
2014-03-26,2.39,2.41,2.37,2.38,21.77,9126400
2014-03-27,2.39,2.39,2.36,2.37,24.21,10201100
2014-03-28,2.36,2.4,2.36,2.38,25.9,10879400
2014-03-31,2.38,2.39,2.36,2.37,15.9,6697300
2014-04-01,2.36,2.39,2.36,2.38,17.74,7476100
2014-04-02,2.38,2.43,2.37,2.41,44.28,18422100
2014-04-03,2.4,2.41,2.37,2.38,23.66,9908700
2014-04-04,2.37,2.39,2.36,2.39,13.93,5860600
2014-04-08,2.38,2.43,2.38,2.41,33.78,14031200
2014-04-09,2.41,2.42,2.4,2.41,23.06,9570800
2014-04-10,2.42,2.46,2.39,2.45,61.89,25491500
2014-04-11,2.43,2.45,2.42,2.44,37.99,15581700
2014-04-14,2.44,2.46,2.42,2.45,31.51,12910900
2014-04-15,2.45,2.46,2.4,2.41,34.96,14429500
2014-04-16,2.41,2.43,2.4,2.41,19.35,8004000
2014-04-17,2.41,2.42,2.4,2.41,11.95,4961500
2014-04-18,2.41,2.42,2.39,2.41,14.81,6162800
2014-04-21,2.4,2.44,2.39,2.4,32.39,13411000
2014-04-22,2.4,2.4,2.37,2.39,19.58,8215100
2014-04-23,2.39,2.45,2.39,2.43,41.74,17211600
2014-04-24,2.43,2.45,2.41,2.43,29.89,12277300
2014-04-25,2.43,2.45,2.39,2.39,26.95,11115200
2014-04-28,2.39,2.39,2.33,2.34,26.47,11270100
2014-04-29,2.33,2.36,2.33,2.35,15.21,6496200
2014-04-30,2.35,2.36,2.34,2.35,13.41,5705900
2014-05-05,2.35,2.37,2.34,2.36,17.63,7494700
2014-05-06,2.36,2.39,2.35,2.37,16.44,6936200
2014-05-07,2.37,2.39,2.36,2.38,18.3,7693900
2014-05-08,2.38,2.42,2.37,2.4,23.98,10015700
2014-05-09,2.41,2.49,2.4,2.46,78.81,32100600
2014-05-12,2.56,2.71,2.55,2.71,246.03,91930800
2014-05-13,2.85,2.98,2.78,2.84,626.05,216679500
2014-05-14,2.76,2.79,2.66,2.7,242.06,89446400
2014-05-15,2.6,2.67,2.56,2.58,167.61,64222000
2014-05-16,2.6,2.6,2.52,2.56,86.38,33825100
2014-05-19,2.55,2.59,2.5,2.52,93.85,36859500
2014-05-20,2.59,2.63,2.52,2.53,120.26,46895400
2014-05-21,2.51,2.57,2.48,2.56,71.07,28062000
2014-05-22,2.56,2.56,2.52,2.52,79.92,31479500
2014-05-23,2.52,2.52,2.48,2.51,52.51,20967100
2014-05-26,2.52,2.53,2.49,2.52,43.81,17460100
2014-05-27,2.52,2.53,2.5,2.5,35.19,14016700
2014-05-28,2.5,2.52,2.48,2.51,51.51,20613100
2014-05-29,2.5,2.51,2.46,2.47,54.86,22115600
2014-05-30,2.48,2.55,2.47,2.54,107.96,42731100
2014-06-03,2.54,2.6,2.52,2.53,84.18,32905900
2014-06-04,2.52,2.53,2.46,2.48,60.97,24530400
2014-06-05,2.47,2.5,2.46,2.49,25.42,10259400
2014-06-06,2.5,2.5,2.46,2.47,27.7,11205800
2014-06-09,2.47,2.49,2.45,2.46,22.41,9083800
2014-06-10,2.46,2.48,2.44,2.47,26.39,10713200
2014-06-11,2.46,2.48,2.45,2.47,34.12,13865200
2014-06-12,2.46,2.48,2.45,2.47,21.61,8767600
2014-06-13,2.47,2.5,2.46,2.5,42.54,17096700
2014-06-16,2.49,2.51,2.48,2.51,39.92,15977700
2014-06-17,2.5,2.51,2.48,2.49,25.05,10047500
2014-06-18,2.49,2.55,2.47,2.54,70.71,28124600
2014-06-19,2.52,2.53,2.43,2.45,53.25,21438700
2014-06-20,2.44,2.47,2.44,2.46,18.45,7510100
2014-06-23,2.46,2.51,2.46,2.49,34.39,13832300
2014-06-24,2.49,2.53,2.48,2.52,62.22,24794400
2014-06-25,2.51,2.57,2.49,2.56,83.62,33065700
2014-06-26,2.55,2.58,2.53,2.58,63.51,24839100
2014-06-27,2.57,2.67,2.56,2.65,129.99,49487000
2014-06-30,2.63,2.72,2.62,2.65,114.72,42812300
2014-07-01,2.67,2.7,2.62,2.64,51.8,19543000
2014-07-02,2.63,2.66,2.62,2.64,43.56,16496000
2014-07-03,2.63,2.67,2.62,2.66,35.07,13229700
2014-07-04,2.66,2.74,2.64,2.65,55.7,20680700
2014-07-07,2.65,2.69,2.63,2.64,35.53,13379500
2014-07-08,2.64,2.65,2.62,2.64,26.38,10012900
2014-07-09,2.65,2.7,2.62,2.66,41.59,15656200
2014-07-10,2.65,2.67,2.63,2.66,31.6,11912500
2014-07-11,2.66,2.7,2.64,2.69,34.65,12920500
2014-07-14,2.7,2.73,2.69,2.7,39.94,14765300
2014-07-15,2.7,2.74,2.69,2.74,53.17,19567200
2014-07-16,2.74,2.75,2.68,2.7,48.49,17834500
2014-07-17,2.68,2.7,2.64,2.66,38.55,14453600
2014-07-18,2.65,2.69,2.64,2.67,23.82,8920300
2014-07-21,2.66,2.94,2.65,2.83,217.62,76896200
2014-07-22,2.81,2.84,2.74,2.79,132.48,47709700
2014-07-23,2.78,2.85,2.76,2.78,84.91,30332200
2014-07-24,2.77,2.79,2.69,2.74,151.23,55346800
2014-07-25,2.74,2.78,2.72,2.77,84.81,30764400
2014-07-28,2.78,2.87,2.77,2.84,148.61,52598200
2014-07-29,2.85,2.85,2.79,2.82,84.12,29848500
2014-07-30,2.82,2.85,2.8,2.8,81.2,28780000
2014-07-31,2.8,2.84,2.77,2.82,98.97,35281000
2014-08-01,2.82,2.86,2.79,2.79,109.47,38743500
2014-08-04,2.79,2.83,2.77,2.83,126.3,45140900
2014-08-05,2.83,2.84,2.79,2.81,86.55,30718000
2014-08-06,2.81,2.94,2.78,2.87,183.83,64467700
2014-08-07,2.86,2.88,2.81,2.81,146.17,51439700
2014-08-08,2.81,2.82,2.79,2.81,65.29,23275900
2014-08-11,2.81,2.85,2.8,2.83,83.16,29397900
2014-08-12,2.84,2.84,2.81,2.82,56.66,20098300
2014-08-13,2.82,2.84,2.79,2.83,69.94,24852600
2014-08-14,2.83,2.83,2.77,2.78,78.26,27887200
2014-08-15,2.78,2.82,2.77,2.81,52.91,18898500
2014-08-18,2.81,2.82,2.8,2.81,59.19,21054200
2014-08-19,2.81,2.86,2.8,2.84,101.69,35969200
2014-08-20,2.84,2.84,2.81,2.83,53.63,18976600
2014-08-21,2.83,2.83,2.8,2.82,57.74,20483300
2014-08-22,2.82,2.83,2.81,2.82,54.49,19318700
2014-08-25,2.83,2.88,2.81,2.84,100.62,35365600
2014-08-26,2.83,2.84,2.77,2.78,73.82,26331400
2014-08-27,2.78,2.79,2.75,2.76,47.72,17250900
2014-08-28,2.75,2.77,2.72,2.73,39.78,14476000
2014-08-29,2.74,2.77,2.73,2.76,32.76,11923300
2014-09-01,2.76,2.8,2.75,2.79,38.26,13768400
2014-09-02,2.8,2.91,2.78,2.9,173.56,60681700
2014-09-03,2.88,2.91,2.86,2.88,128.24,44492800
2014-09-04,2.88,2.9,2.86,2.9,77.53,26862800
2014-09-05,2.9,2.92,2.86,2.9,90.56,31376800
2014-09-09,2.91,3.05,2.91,2.99,260.56,86712700
2014-09-10,3.02,3.07,2.96,3.03,218,71875000
2014-09-11,3.03,3.04,2.97,2.99,142.53,47499300
2014-09-12,2.99,3.01,2.96,3.01,85.23,28516300
2014-09-15,3.02,3.06,3.02,3.04,121.59,40040700
2014-09-16,3.04,3.17,3.01,3.03,349.88,113041200
2014-09-17,3.04,3.06,2.97,3.01,133.25,44390300
2014-09-18,3.01,3.08,2.99,3.04,96.91,31882300
2014-09-19,3.04,3.07,3.03,3.06,99.09,32452300
2014-09-22,3.05,3.06,2.96,2.99,120.75,40256100
2014-09-23,2.99,3.03,2.98,3,63.17,21050000
2014-09-24,3,3.05,2.99,3.04,89.19,29440000
2014-09-25,3.05,3.09,3.02,3.04,115.28,37731300
2014-09-26,3.03,3.07,3.01,3.05,72.54,23832100
2014-09-29,3.06,3.1,3.06,3.07,119.47,38820300
2014-09-30,3.07,3.1,3.06,3.1,115.67,37566900
2014-10-08,3.1,3.15,3.09,3.12,129.61,41533000
2014-10-09,3.12,3.43,3.11,3.43,486.78,147565400
2014-10-10,3.5,3.5,3.33,3.37,407.76,119801500
2014-10-13,3.32,3.71,3.3,3.65,594.88,165812800
2014-10-14,3.58,4.02,3.55,4.02,1000.44,255301000
2014-10-15,4,4.42,3.96,4.42,1303.94,304485900
2014-10-16,4.42,4.75,4.22,4.23,1672.39,375557900
2014-10-17,4.2,4.35,4.06,4.23,870.1,206912500
2014-10-20,4.21,4.29,4.07,4.15,598.95,144433600
2014-10-21,4.12,4.29,4.09,4.09,516.01,123940400
2014-10-22,4.08,4.17,3.98,4.09,457.56,112323800
2014-10-23,4.09,4.1,3.75,3.82,551.77,140939700
2014-10-24,3.8,3.87,3.76,3.8,320.73,84189700
2014-10-27,3.78,3.89,3.72,3.85,300.21,78510700
2014-10-28,3.86,4.24,3.85,4.24,954.89,231455100
2014-10-29,4.3,4.55,4.22,4.4,1276.99,292045900
2014-10-30,4.3,4.39,4.25,4.27,637.46,148024800
2014-10-31,4.27,4.56,4.27,4.3,661.66,150813900
2014-11-03,4.3,4.4,4.12,4.3,437.41,102210700
2014-11-04,4.3,4.47,4.19,4.43,637.21,146206500
2014-11-05,4.4,4.59,4.34,4.35,569.69,128200900
2014-11-06,4.35,4.5,4.25,4.45,485.07,110147200
2014-11-07,4.44,4.59,4.22,4.28,477.6,109323100
2014-11-10,4.25,4.4,4.23,4.34,382.63,88308400
2014-11-11,4.35,4.4,4,4.07,544.87,130593300
2014-11-12,4.02,4.13,4.01,4.12,225.24,55376300
2014-11-13,4.12,4.24,3.93,4.14,398.88,97811900
2014-11-14,4.09,4.11,4.04,4.06,161.9,39839700
2014-11-17,4.06,4.1,4.01,4.06,147.4,36268500
2014-11-18,4.06,4.14,4.01,4.13,200.23,49222900
2014-11-19,4.1,4.13,4.05,4.07,131.21,32090800
2014-11-20,4.04,4.1,4.02,4.05,105.34,25955300
2014-11-21,4.05,4.1,4.02,4.09,141.4,34793500
2014-11-24,4.15,4.25,4.09,4.18,352.72,84591400
2014-11-25,4.18,4.34,4.16,4.31,403.13,94199200
2014-11-26,4.42,4.59,4.33,4.42,688.81,154244300
2014-11-27,4.44,4.53,4.36,4.43,464.7,104827900
2014-11-28,4.44,4.45,4.33,4.41,418.42,95618600
2014-12-01,4.41,4.54,4.37,4.51,622.54,138900700
2014-12-02,4.51,4.59,4.47,4.54,486.09,107246000
2014-12-03,4.59,4.78,4.5,4.58,805.32,174096600
2014-12-04,4.58,4.73,4.5,4.65,679.83,147699600
2014-12-05,4.65,4.66,4.32,4.39,688.86,154126600
2014-12-08,4.34,4.56,4.26,4.49,537.95,121014400
2014-12-09,4.45,4.94,4.37,4.62,1464.41,309085700
2014-12-10,4.64,5.08,4.57,5.08,1541.35,314052800
2014-12-11,5.15,5.59,5.07,5.59,1713.33,323274800
2014-12-12,5.73,5.74,5.31,5.38,1145.62,209891800
2014-12-15,5.3,5.54,5.19,5.43,792.41,149371900
2014-12-16,5.35,5.56,5.31,5.44,850.13,156102300
2014-12-17,5.4,5.42,5.1,5.21,739.97,140348700
2014-12-18,5.21,5.4,5.21,5.32,588.85,110735900
2014-12-19,5.29,5.72,5.2,5.62,1154.05,209489900
2014-12-22,5.62,5.92,5.34,5.4,1111.71,197125100
2014-12-23,5.3,5.3,4.89,4.92,682.61,134495200
2014-12-24,4.9,4.98,4.75,4.86,417.82,86442700
2014-12-25,4.87,5.08,4.87,5.05,419.24,83899300
2014-12-26,5.07,5.14,4.99,5.14,514.46,101648100
2014-12-29,5.18,5.31,5.1,5.19,534.01,102740900
2014-12-30,5.2,5.22,4.99,5.01,402.81,79300400
2014-12-31,5.02,5.32,5.02,5.27,606.1,115881800
2015-01-05,5.27,5.53,5.23,5.45,681.4,125684900
2015-01-06,5.4,5.45,5.21,5.32,489.76,91984600
2015-01-07,5.28,5.58,5.24,5.49,721.93,132922100
2015-01-08,5.45,5.51,5.24,5.26,560.92,104818400
2015-01-09,5.15,5.37,5.06,5.12,591.73,113434800
2015-01-12,5.06,5.06,4.78,4.9,449.74,91200300
2015-01-13,4.88,5.02,4.84,4.94,179.48,36287600
2015-01-14,4.95,4.99,4.79,4.85,175.6,35914300
2015-01-15,4.87,5.01,4.81,5,219.77,44670200
2015-01-16,5.12,5.26,5.05,5.06,314.61,61399500
2015-01-19,4.87,4.92,4.55,4.56,475,100808900
2015-01-20,4.55,4.68,4.5,4.66,281.5,60970000
2015-01-21,4.73,4.87,4.66,4.84,315.66,66222500
2015-01-22,4.85,4.94,4.8,4.86,299.91,61513500
2015-01-23,4.89,4.98,4.82,4.85,302.56,61860100
2015-01-26,4.85,4.95,4.81,4.92,247.96,50726300
2015-01-27,4.93,4.96,4.77,4.9,284.32,58306800
2015-01-28,4.84,4.93,4.81,4.84,192.76,39544100
2015-01-29,4.85,5.19,4.81,5.09,606.21,120759200
2015-01-30,5.09,5.14,4.9,4.92,367.24,72999600
2015-02-02,4.83,4.87,4.7,4.73,247.43,51774500
2015-02-03,4.77,4.83,4.69,4.79,171.72,36012800
2015-02-04,4.8,4.99,4.8,4.83,279.06,56955700
2015-02-05,5,5,4.74,4.74,209.13,43170300
2015-02-06,4.73,4.75,4.53,4.57,218.38,47058100
2015-02-09,4.55,4.64,4.51,4.59,108.52,23629700
2015-02-10,4.61,4.69,4.59,4.68,101.81,21829500
2015-02-11,4.72,4.76,4.67,4.69,96.98,20576400
2015-02-12,4.69,4.75,4.66,4.73,103.73,22056400
2015-02-13,4.75,4.9,4.74,4.81,187.08,38701700
2015-02-16,4.83,4.88,4.8,4.84,146.91,30302300
2015-02-17,4.87,4.89,4.84,4.86,142.78,29354100
2015-02-25,4.89,4.95,4.83,4.88,165.37,33876900
2015-02-26,4.85,4.98,4.83,4.98,254.52,51705400
2015-02-27,4.96,5.03,4.94,4.96,255.74,51348700
2015-03-02,5,5.16,4.96,5.1,364.78,71913100
2015-03-03,5.08,5.18,4.98,4.99,385.54,76337900
2015-03-04,4.99,5.04,4.9,4.98,244.5,49133600
2015-03-05,4.96,5.03,4.86,4.92,232.65,47235900
2015-03-06,4.91,4.97,4.88,4.92,149.89,30450800
2015-03-09,4.89,4.94,4.8,4.94,223.9,46073200
2015-03-10,4.93,5.04,4.9,4.98,249.23,50002900
2015-03-11,4.99,5.03,4.9,4.93,200.68,40338800
2015-03-12,4.95,4.98,4.91,4.96,183.79,37108900
2015-03-13,4.97,5.03,4.95,4.99,242.3,48535600
2015-03-16,5,5.12,5,5.09,388.62,76584300
2015-03-17,5.12,5.28,5.1,5.22,599.07,115191100
2015-03-18,5.22,5.58,5.21,5.5,808.22,148045500
2015-03-19,5.48,5.5,5.36,5.42,610.39,112718500
2015-03-20,5.4,5.48,5.36,5.4,448.26,82882200
2015-03-23,5.44,5.58,5.43,5.5,650.2,118207200
2015-03-24,5.5,5.85,5.44,5.68,1085.31,192035200
2015-03-25,5.65,5.66,5.42,5.47,650.34,117937000
2015-03-26,5.4,5.55,5.36,5.43,444.42,81830900
2015-03-27,5.42,5.55,5.4,5.47,357.7,65261100
2015-03-30,5.5,5.69,5.5,5.63,655.69,116573800
2015-03-31,5.68,5.74,5.57,5.59,731.38,129165924
